,SampleID,Genomic_position,cDNA,Protein,Zygosity
1,Sample01,3293407,c.2080A>G,p.M694V,het
2,Sample01,3293888,c.1764G>A,p.P588P,het
3,Sample01,3293922,rs1231123,NA,het
4,Sample01,3296429,rs224204,NA,het
5,Sample01,3296616,rs224205,NA,het
6,Sample01,3297073,c.1530T>C,p.D510D,het
7,Sample01,3297175,c.1428A>G,p.Q476Q,het
8,Sample01,3297181,c.1422G>A,p.E474E,het
9,Sample01,3298865,rs224212,NA,het
10,Sample01,3299749,c.942C>T,p.R314R,het
11,Sample01,3304463,c.605G>A,p.R202Q,het
12,Sample01,3304573,c.495C>A,p.A165A,het
13,Sample01,3304654,c.414A>G,p.G138G,het
14,Sample01,3304762,c.306T>C,p.D102D,het
15,Sample02,3293888,c.1764G>A,p.P588P,homo
16,Sample02,3293922,rs1231123,NA,homo
17,Sample02,3299468,c.1223G>A,p.R408Q,het
18,Sample02,3299586,c.1105C>T,p.P369S,het
19,Sample02,3299749,c.942C>T,p.R314R,het
20,Sample02,3304573,c.495C>A,p.A165A,het
21,Sample02,3304654,c.414A>G,p.G138G,het
22,Sample02,3304762,c.306T>C,p.D102D,het
23,Sample03,3293407,c.2080A>G,p.M694V,het
24,Sample03,3293888,c.1764G>A,p.P588P,het
25,Sample03,3293922,rs1231123,NA,het
26,Sample03,3296429,rs224204,NA,het
27,Sample03,3296616,rs224205,NA,het
28,Sample03,3297073,c.1530T>C,p.D510D,het
29,Sample03,3297175,c.1428A>G,p.Q476Q,het
30,Sample03,3297181,c.1422G>A,p.E474E,het
31,Sample03,3298865,rs224212,NA,het
32,Sample03,3299749,c.942C>T,p.R314R,het
33,Sample03,3304463,c.605G>A,p.R202Q,het
34,Sample03,3304573,c.495C>A,p.A165A,homo
35,Sample03,3304654,c.414A>G,p.G138G,homo
36,Sample03,3304762,c.306T>C,p.D102D,homo
37,Sample04,3293205,c.2282G>A,p.R761H,het
38,Sample04,3293888,c.1764G>A,p.P588P,het
39,Sample04,3293922,rs1231123,NA,het
40,Sample04,3296429,rs224204,NA,het
41,Sample04,3296616,rs224205,NA,het
42,Sample04,3297073,c.1530T>C,p.D510D,het
43,Sample04,3297175,c.1428A>G,p.Q476Q,het
44,Sample04,3297181,c.1422G>A,p.E474E,het
45,Sample04,3298865,rs224212,NA,het
46,Sample04,3299749,c.942C>T,p.R314R,het
47,Sample05,3293403,c.2084A>G,p.K695R,het
48,Sample05,3293888,c.1764G>A,p.P588P,homo
49,Sample05,3293922,rs1231123,NA,homo
50,Sample06,3293310,c.2177T>C,p.V726A,het
51,Sample06,3296429,rs224204,NA,het
52,Sample06,3296616,rs224205,NA,het
53,Sample06,3297073,c.1530T>C,p.D510D,homo
54,Sample06,3297175,c.1428A>G,p.Q476Q,homo
55,Sample06,3297181,c.1422G>A,p.E474E,homo
56,Sample06,3298865,rs224212,NA,homo
57,Sample06,3299749,c.942C>T,p.R314R,homo
58,Sample06,3304463,c.605G>A,p.R202Q,het
59,Sample06,3304573,c.495C>A,p.A165A,het
60,Sample06,3304654,c.414A>G,p.G138G,het
61,Sample06,3304762,c.306T>C,p.D102D,het
62,Sample07,3293407,c.2080A>G,p.M694V,het
63,Sample07,3293888,c.1764G>A,p.P588P,het
64,Sample07,3293922,rs1231123,NA,het
65,Sample07,3296429,rs224204,NA,het
66,Sample07,3296616,rs224205,NA,het
67,Sample07,3297073,c.1530T>C,p.D510D,het
68,Sample07,3297175,c.1428A>G,p.Q476Q,het
69,Sample07,3297181,c.1422G>A,p.E474E,het
70,Sample07,3298865,rs224212,NA,het
71,Sample07,3299749,c.942C>T,p.R314R,het
72,Sample07,3304463,c.605G>A,p.R202Q,homo
73,Sample07,3304573,c.495C>A,p.A165A,homo
74,Sample07,3304654,c.414A>G,p.G138G,homo
75,Sample07,3304762,c.306T>C,p.D102D,homo
76,Sample08,3293888,c.1764G>A,p.P588P,homo
77,Sample08,3293922,rs1231123,NA,homo
78,Sample08,3304158,c.910G>A,p.G304R,het
79,Sample09,3293407,c.2080A>G,p.M694V,het
80,Sample09,3293888,c.1764G>A,p.P588P,het
81,Sample09,3293922,rs1231123,NA,het
82,Sample09,3296429,rs224204,NA,het
83,Sample09,3296616,rs224205,NA,het
84,Sample09,3297073,c.1530T>C,p.D510D,het
85,Sample09,3297175,c.1428A>G,p.Q476Q,het
86,Sample09,3297181,c.1422G>A,p.E474E,het
87,Sample09,3298865,rs224212,NA,het
88,Sample09,3299749,c.942C>T,p.R314R,het
89,Sample09,3304463,c.605G>A,p.R202Q,het
90,Sample09,3304573,c.495C>A,p.A165A,het
91,Sample09,3304654,c.414A>G,p.G138G,het
92,Sample09,3304762,c.306T>C,p.D102D,het
93,Sample10,3293407,c.2080A>G,p.M694V,het
94,Sample10,3293888,c.1764G>A,p.P588P,homo
95,Sample10,3293922,rs1231123,NA,homo
96,Sample10,3304463,c.605G>A,p.R202Q,homo
97,Sample10,3304573,c.495C>A,p.A165A,homo
98,Sample10,3304654,c.414A>G,p.G138G,homo
99,Sample10,3304762,c.306T>C,p.D102D,homo
100,Sample11,3293403,c.2084A>G,p.K695R,het
101,Sample11,3293888,c.1764G>A,p.P588P,homo
102,Sample11,3293922,rs1231123,NA,homo
103,Sample12,3296429,rs224204,NA,homo
104,Sample12,3296616,rs224205,NA,homo
105,Sample12,3297073,c.1530T>C,p.D510D,homo
106,Sample12,3297175,c.1428A>G,p.Q476Q,homo
107,Sample12,3297181,c.1422G>A,p.E474E,homo
108,Sample12,3298865,rs224212,NA,homo
109,Sample12,3299749,c.942C>T,p.R314R,homo
110,Sample12,3304626,c.442G>C,p.E148Q,het
111,Sample13,3296429,rs224204,NA,homo
112,Sample13,3296616,rs224205,NA,homo
113,Sample13,3297073,c.1530T>C,p.D510D,homo
114,Sample13,3297175,c.1428A>G,p.Q476Q,homo
115,Sample13,3297181,c.1422G>A,p.E474E,homo
116,Sample13,3298865,rs224212,NA,homo
117,Sample13,3299749,c.942C>T,p.R314R,homo
118,Sample13,3304463,c.605G>A,p.R202Q,het
119,Sample13,3304573,c.495C>A,p.A165A,het
120,Sample13,3304626,c.442G>C,p.E148Q,het
121,Sample13,3304654,c.414A>G,p.G138G,het
122,Sample13,3304762,c.306T>C,p.D102D,het
123,Sample14,3293310,c.2177T>C,p.V726A,het
124,Sample14,3296429,rs224204,NA,homo
125,Sample14,3296616,rs224205,NA,homo
126,Sample14,3297073,c.1530T>C,p.D510D,homo
127,Sample14,3297175,c.1428A>G,p.Q476Q,homo
128,Sample14,3297181,c.1422G>A,p.E474E,homo
129,Sample14,3298865,rs224212,NA,homo
130,Sample14,3299749,c.942C>T,p.R314R,homo
131,Sample14,3304463,c.605G>A,p.R202Q,het
132,Sample14,3304573,c.495C>A,p.A165A,het
133,Sample14,3304654,c.414A>G,p.G138G,het
134,Sample14,3304762,c.306T>C,p.D102D,het
135,Sample15,3293888,c.1764G>A,p.P588P,homo
136,Sample15,3293922,rs1231123,NA,homo
137,Sample15,3299468,c.1223G>A,p.R408Q,het
138,Sample15,3299586,c.1105C>T,p.P369S,het
139,Sample15,3299749,c.942C>T,p.R314R,het
140,Sample15,3304463,c.605G>A,p.R202Q,het
141,Sample15,3304573,c.495C>A,p.A165A,het
142,Sample15,3304626,c.442G>C,p.E148Q,het
143,Sample15,3304654,c.414A>G,p.G138G,het
144,Sample15,3304762,c.306T>C,p.D102D,het
145,Sample16,3293257,c.2230G>T,p.A744S,het
146,Sample16,3296429,rs224204,NA,homo
147,Sample16,3296616,rs224205,NA,homo
148,Sample16,3297073,c.1530T>C,p.D510D,homo
149,Sample16,3297175,c.1428A>G,p.Q476Q,homo
150,Sample16,3297181,c.1422G>A,p.E474E,homo
151,Sample16,3298865,rs224212,NA,homo
152,Sample16,3299749,c.942C>T,p.R314R,homo
153,Sample16,3304626,c.442G>C,p.E148Q,het
154,Sample17,3293257,c.2230G>T,p.A744S,het
155,Sample17,3296429,rs224204,NA,homo
156,Sample17,3296616,rs224205,NA,homo
157,Sample17,3297073,c.1530T>C,p.D510D,homo
158,Sample17,3297175,c.1428A>G,p.Q476Q,homo
159,Sample17,3297181,c.1422G>A,p.E474E,homo
160,Sample17,3298865,rs224212,NA,homo
161,Sample17,3299749,c.942C>T,p.R314R,homo
162,Sample17,3304463,c.605G>A,p.R202Q,het
163,Sample17,3304573,c.495C>A,p.A165A,het
164,Sample17,3304654,c.414A>G,p.G138G,het
165,Sample17,3304762,c.306T>C,p.D102D,het
166,Sample18,3293888,c.1764G>A,p.P588P,het
167,Sample18,3293922,rs1231123,NA,het
168,Sample18,3297073,c.1530T>C,p.D510D,het
169,Sample18,3297175,c.1428A>G,p.Q476Q,het
170,Sample18,3297181,c.1422G>A,p.E474E,het
171,Sample18,3298865,rs224212,NA,het
172,Sample18,3299749,c.942C>T,p.R314R,het
173,Sample18,3304626,c.442G>C,p.E148Q,het
174,Sample19,3293310,c.2177T>C,p.V726A,het
175,Sample19,3296429,rs224204,NA,homo
176,Sample19,3296616,rs224205,NA,homo
177,Sample19,3297073,c.1530T>C,p.D510D,homo
178,Sample19,3297175,c.1428A>G,p.Q476Q,homo
179,Sample19,3297181,c.1422G>A,p.E474E,homo
180,Sample19,3298865,rs224212,NA,homo
181,Sample19,3299749,c.942C>T,p.R314R,homo
182,Sample20,3293888,c.1764G>A,p.P588P,homo
183,Sample20,3293922,rs1231123,NA,het
184,Sample20,3294246,rs77380520,NA,het
185,Sample20,3297100,c.1503C>T,p.R501R,het
186,Sample20,3299468,c.1223G>A,p.R408Q,het
187,Sample20,3299586,c.1105C>T,p.P369S,het
188,Sample20,3299749,c.942C>T,p.R314R,het
189,Sample20,3304626,c.442G>C,p.E148Q,het
190,Sample21,3293205,c.2282G>A,p.R761H,het
191,Sample21,3296429,rs224204,NA,homo
192,Sample21,3296616,rs224205,NA,homo
193,Sample21,3297073,c.1530T>C,p.D510D,homo
194,Sample21,3297175,c.1428A>G,p.Q476Q,homo
195,Sample21,3297181,c.1422G>A,p.E474E,homo
196,Sample21,3298865,rs224212,NA,homo
197,Sample21,3299749,c.942C>T,p.R314R,homo
198,Sample22,3293888,c.1764G>A,p.P588P,het
199,Sample22,3294246,rs77380520,NA,het
200,Sample22,3297073,c.1530T>C,p.D510D,het
201,Sample22,3297100,c.1503C>T,p.R501R,het
202,Sample22,3297175,c.1428A>G,p.Q476Q,het
203,Sample22,3297181,c.1422G>A,p.E474E,het
204,Sample22,3298865,rs224212,NA,het
205,Sample22,3299468,c.1223G>A,p.R408Q,het
206,Sample22,3299586,c.1105C>T,p.P369S,het
207,Sample22,3299749,c.942C>T,p.R314R,homo
208,Sample22,3304380,c.688G>A,p.E230K,het
209,Sample22,3304626,c.442G>C,p.E148Q,het
210,Sample23,3293888,c.1764G>A,p.P588P,het
211,Sample23,3293922,rs1231123,NA,het
212,Sample23,3296429,rs224204,NA,het
213,Sample23,3296616,rs224205,NA,het
214,Sample23,3297073,c.1530T>C,p.D510D,het
215,Sample23,3297175,c.1428A>G,p.Q476Q,het
216,Sample23,3297181,c.1422G>A,p.E474E,het
217,Sample23,3298865,rs224212,NA,het
218,Sample23,3299468,c.1223G>A,p.R408Q,het
219,Sample23,3299586,c.1105C>T,p.P369S,het
220,Sample23,3299749,c.942C>T,p.R314R,homo
221,Sample23,3304317,c.751G>A,p.E251K,het
222,Sample24,3293407,c.2080A>G,p.M694V,het
223,Sample24,3293888,c.1764G>A,p.P588P,homo
224,Sample24,3293922,rs1231123,NA,homo
225,Sample24,3304463,c.605G>A,p.R202Q,het
226,Sample24,3304573,c.495C>A,p.A165A,homo
227,Sample24,3304654,c.414A>G,p.G138G,homo
228,Sample24,3304762,c.306T>C,p.D102D,homo
229,Sample25,3293888,c.1764G>A,p.P588P,homo
230,Sample25,3293922,rs1231123,NA,homo
231,Sample25,3304626,c.442G>C,p.E148Q,het
232,Sample26,3293888,c.1764G>A,p.P588P,homo
233,Sample26,3293922,rs1231123,NA,homo
234,Sample26,3304626,c.442G>C,p.E148Q,het
235,Sample27,3293407,c.2080A>G,p.M694V,het
236,Sample27,3293888,c.1764G>A,p.P588P,het
237,Sample27,3293922,rs1231123,NA,het
238,Sample27,3296429,rs224204,NA,het
239,Sample27,3296616,rs224205,NA,het
240,Sample27,3297073,c.1530T>C,p.D510D,het
241,Sample27,3297175,c.1428A>G,p.Q476Q,het
242,Sample27,3297181,c.1422G>A,p.E474E,het
243,Sample27,3298865,rs224212,NA,het
244,Sample27,3299749,c.942C>T,p.R314R,het
245,Sample27,3304463,c.605G>A,p.R202Q,het
246,Sample27,3304573,c.495C>A,p.A165A,het
247,Sample27,3304654,c.414A>G,p.G138G,het
248,Sample27,3304762,c.306T>C,p.D102D,het
249,Sample28,3296429,rs224204,NA,het
250,Sample28,3296616,rs224205,NA,het
251,Sample28,3297073,c.1530T>C,p.D510D,homo
252,Sample28,3297175,c.1428A>G,p.Q476Q,homo
253,Sample28,3297181,c.1422G>A,p.E474E,homo
254,Sample28,3298865,rs224212,NA,homo
255,Sample28,3299749,c.942C>T,p.R314R,homo
256,Sample28,3304626,c.442G>C,p.E148Q,het
257,Sample29,3293407,c.2080A>G,p.M694V,het
258,Sample29,3293888,c.1764G>A,p.P588P,homo
259,Sample29,3293922,rs1231123,NA,homo
260,Sample29,3304463,c.605G>A,p.R202Q,het
261,Sample29,3304573,c.495C>A,p.A165A,het
262,Sample29,3304654,c.414A>G,p.G138G,het
263,Sample29,3304762,c.306T>C,p.D102D,het
264,Sample30,3293310,c.2177T>C,p.V726A,het
265,Sample30,3293369,c.2118G>A,p.P706P,het
266,Sample30,3293888,c.1764G>A,p.P588P,het
267,Sample30,3293922,rs1231123,NA,het
268,Sample30,3296429,rs224204,NA,het
269,Sample30,3296616,rs224205,NA,het
270,Sample30,3297073,c.1530T>C,p.D510D,het
271,Sample30,3297175,c.1428A>G,p.Q476Q,het
272,Sample30,3297181,c.1422G>A,p.E474E,het
273,Sample30,3298865,rs224212,NA,het
274,Sample30,3299749,c.942C>T,p.R314R,het
275,Sample31,3296429,rs224204,NA,het
276,Sample31,3296616,rs224205,NA,het
277,Sample31,3297073,c.1530T>C,p.D510D,homo
278,Sample31,3297175,c.1428A>G,p.Q476Q,homo
279,Sample31,3297181,c.1422G>A,p.E474E,homo
280,Sample31,3298865,rs224212,NA,homo
281,Sample31,3299749,c.942C>T,p.R314R,homo
282,Sample31,3304573,c.495C>A,p.A165A,het
283,Sample31,3304626,c.442G>C,p.E148Q,het
284,Sample31,3304654,c.414A>G,p.G138G,het
285,Sample31,3304762,c.306T>C,p.D102D,het
286,Sample32,3293407,c.2080A>G,p.M694V,het
287,Sample32,3293888,c.1764G>A,p.P588P,het
288,Sample32,3293922,rs1231123,NA,het
289,Sample32,3296429,rs224204,NA,het
290,Sample32,3296616,rs224205,NA,het
291,Sample32,3297073,c.1530T>C,p.D510D,het
292,Sample32,3297175,c.1428A>G,p.Q476Q,het
293,Sample32,3297181,c.1422G>A,p.E474E,het
294,Sample32,3298865,rs224212,NA,het
295,Sample32,3299749,c.942C>T,p.R314R,het
296,Sample32,3304463,c.605G>A,p.R202Q,homo
297,Sample32,3304573,c.495C>A,p.A165A,homo
298,Sample32,3304654,c.414A>G,p.G138G,homo
299,Sample32,3304762,c.306T>C,p.D102D,homo
300,Sample33,3293888,c.1764G>A,p.P588P,het
301,Sample33,3294246,rs77380520,NA,het
302,Sample33,3296429,rs224204,NA,het
303,Sample33,3296616,rs224205,NA,het
304,Sample33,3297073,c.1530T>C,p.D510D,het
305,Sample33,3297100,c.1503C>T,p.R501R,het
306,Sample33,3297175,c.1428A>G,p.Q476Q,het
307,Sample33,3297181,c.1422G>A,p.E474E,het
308,Sample33,3298865,rs224212,NA,het
309,Sample33,3299468,c.1223G>A,p.R408Q,het
310,Sample33,3299586,c.1105C>T,p.P369S,het
311,Sample33,3299749,c.942C>T,p.R314R,homo
312,Sample34,3293888,c.1764G>A,p.P588P,het
313,Sample34,3293922,rs1231123,NA,het
314,Sample34,3296429,rs224204,NA,het
315,Sample34,3296616,rs224205,NA,het
316,Sample34,3297073,c.1530T>C,p.D510D,het
317,Sample34,3297175,c.1428A>G,p.Q476Q,het
318,Sample34,3297181,c.1422G>A,p.E474E,het
319,Sample34,3298865,rs224212,NA,het
320,Sample34,3299749,c.942C>T,p.R314R,het
321,Sample34,3304573,c.495C>A,p.A165A,het
322,Sample34,3304626,c.442G>C,p.E148Q,het
323,Sample34,3304654,c.414A>G,p.G138G,het
324,Sample34,3304762,c.306T>C,p.D102D,het
325,Sample35,3293407,c.2080A>G,p.M694V,het
326,Sample35,3293888,c.1764G>A,p.P588P,het
327,Sample35,3293922,rs1231123,NA,het
328,Sample35,3296429,rs224204,NA,het
329,Sample35,3296616,rs224205,NA,het
330,Sample35,3297073,c.1530T>C,p.D510D,het
331,Sample35,3297175,c.1428A>G,p.Q476Q,het
332,Sample35,3297181,c.1422G>A,p.E474E,het
333,Sample35,3298865,rs224212,NA,het
334,Sample35,3299749,c.942C>T,p.R314R,het
335,Sample36,3293407,c.2080A>G,p.M694V,het
336,Sample36,3293888,c.1764G>A,p.P588P,het
337,Sample36,3293922,rs1231123,NA,het
338,Sample36,3296429,rs224204,NA,het
339,Sample36,3296616,rs224205,NA,het
340,Sample36,3297073,c.1530T>C,p.D510D,het
341,Sample36,3297175,c.1428A>G,p.Q476Q,het
342,Sample36,3297181,c.1422G>A,p.E474E,het
343,Sample36,3298865,rs224212,NA,het
344,Sample36,3299749,c.942C>T,p.R314R,het
345,Sample37,3296429,rs224204,NA,het
346,Sample37,3296616,rs224205,NA,het
347,Sample37,3297073,c.1530T>C,p.D510D,homo
348,Sample37,3297175,c.1428A>G,p.Q476Q,homo
349,Sample37,3297181,c.1422G>A,p.E474E,homo
350,Sample37,3298865,rs224212,NA,homo
351,Sample37,3299749,c.942C>T,p.R314R,homo
352,Sample37,3304573,c.495C>A,p.A165A,het
353,Sample37,3304626,c.442G>C,p.E148Q,het
354,Sample37,3304654,c.414A>G,p.G138G,het
355,Sample37,3304762,c.306T>C,p.D102D,het
356,Sample38,3293888,c.1764G>A,p.P588P,homo
357,Sample38,3293922,rs1231123,NA,homo
358,Sample38,3304626,c.442G>C,p.E148Q,het
359,Sample39,3293407,c.2080A>G,p.M694V,het
360,Sample39,3293888,c.1764G>A,p.P588P,homo
361,Sample39,3293922,rs1231123,NA,homo
362,Sample39,3304463,c.605G>A,p.R202Q,homo
363,Sample39,3304573,c.495C>A,p.A165A,homo
364,Sample39,3304654,c.414A>G,p.G138G,homo
365,Sample39,3304762,c.306T>C,p.D102D,homo
366,Sample40,3293447,c.2040G>C,p.M680I,het
367,Sample40,3296429,rs224204,NA,homo
368,Sample40,3296616,rs224205,NA,homo
369,Sample40,3297073,c.1530T>C,p.D510D,homo
370,Sample40,3297175,c.1428A>G,p.Q476Q,homo
371,Sample40,3297181,c.1422G>A,p.E474E,homo
372,Sample40,3298865,rs224212,NA,homo
373,Sample40,3299749,c.942C>T,p.R314R,homo
374,Sample40,3304463,c.605G>A,p.R202Q,het
375,Sample40,3304573,c.495C>A,p.A165A,het
376,Sample40,3304654,c.414A>G,p.G138G,het
377,Sample40,3304762,c.306T>C,p.D102D,het
378,Sample41,3296429,rs224204,NA,homo
379,Sample41,3296616,rs224205,NA,homo
380,Sample41,3297073,c.1530T>C,p.D510D,homo
381,Sample41,3297175,c.1428A>G,p.Q476Q,homo
382,Sample41,3297181,c.1422G>A,p.E474E,homo
383,Sample41,3298865,rs224212,NA,homo
384,Sample41,3299749,c.942C>T,p.R314R,homo
385,Sample41,3304573,c.495C>A,p.A165A,het
386,Sample41,3304626,c.442G>C,p.E148Q,het
387,Sample41,3304654,c.414A>G,p.G138G,het
388,Sample41,3304762,c.306T>C,p.D102D,het
389,Sample42,3293888,c.1764G>A,p.P588P,het
390,Sample42,3293922,rs1231123,NA,het
391,Sample42,3297073,c.1530T>C,p.D510D,het
392,Sample42,3297175,c.1428A>G,p.Q476Q,het
393,Sample42,3297181,c.1422G>A,p.E474E,het
394,Sample42,3298865,rs224212,NA,het
395,Sample42,3299749,c.942C>T,p.R314R,het
396,Sample42,3304626,c.442G>C,p.E148Q,het
397,Sample43,3293888,c.1764G>A,p.P588P,het
398,Sample43,3293922,rs1231123,NA,het
399,Sample43,3297073,c.1530T>C,p.D510D,het
400,Sample43,3297175,c.1428A>G,p.Q476Q,het
401,Sample43,3297181,c.1422G>A,p.E474E,het
402,Sample43,3298865,rs224212,NA,het
403,Sample43,3299749,c.942C>T,p.R314R,het
404,Sample43,3304626,c.442G>C,p.E148Q,het
405,Sample44,3296429,rs224204,NA,homo
406,Sample44,3296616,rs224205,NA,homo
407,Sample44,3297073,c.1530T>C,p.D510D,homo
408,Sample44,3297175,c.1428A>G,p.Q476Q,homo
409,Sample44,3297181,c.1422G>A,p.E474E,homo
410,Sample44,3298865,rs224212,NA,homo
411,Sample44,3299749,c.942C>T,p.R314R,homo
412,Sample44,3304626,c.442G>C,p.E148Q,het
413,Sample45,3293888,c.1764G>A,p.P588P,homo
414,Sample45,3293922,rs1231123,NA,homo
415,Sample45,3304626,c.442G>C,p.E148Q,het
416,Sample46,3293257,c.2230G>T,p.A744S,het
417,Sample46,3296429,rs224204,NA,homo
418,Sample46,3296616,rs224205,NA,homo
419,Sample46,3297073,c.1530T>C,p.D510D,homo
420,Sample46,3297175,c.1428A>G,p.Q476Q,homo
421,Sample46,3297181,c.1422G>A,p.E474E,homo
422,Sample46,3298865,rs224212,NA,homo
423,Sample46,3299749,c.942C>T,p.R314R,homo
424,Sample47,3293205,c.2282G>A,p.R761H,het
425,Sample47,3293888,c.1764G>A,p.P588P,het
426,Sample47,3293922,rs1231123,NA,het
427,Sample47,3296429,rs224204,NA,het
428,Sample47,3296616,rs224205,NA,het
429,Sample47,3297073,c.1530T>C,p.D510D,het
430,Sample47,3297175,c.1428A>G,p.Q476Q,het
431,Sample47,3297181,c.1422G>A,p.E474E,het
432,Sample47,3298865,rs224212,NA,het
433,Sample47,3299749,c.942C>T,p.R314R,het
